{"count":1,"gauges":{},"self":20.8870112,"total":31.735772299999997,"children":{"AgentResetIfDone":{"count":1550,"self":0.0529725,"total":0.0529725,"children":null},"AgentSendState":{"count":1550,"self":0.15295809999999999,"total":0.2069237,"children":{"CollectObservations":{"count":3104,"self":0.053965599999999996,"total":0.053965599999999996,"children":null}}},"DecideAction":{"count":1550,"self":1.6847526,"total":10.3881953,"children":{"RayPerceptionSensor.Perceive":{"count":3104,"self":8.7034424,"total":8.7034427,"children":null}}},"AcademyStep":{"count":1550,"self":0.019948499999999997,"total":0.019948499999999997,"children":null},"AgentAct":{"count":1550,"self":0.1777233,"total":0.1777233,"children":null}}}